{
	"partitions" : [
		{
			"name" : "Top",
			"pins" : [
				{
					"name" : "l1",
					"strict" : false
				},
				{
					"name" : "l2",
					"strict" : false
				},
				{
					"name" : "l3",
					"strict" : false
				},
				{
					"name" : "l4",
					"strict" : false
				},
				{
					"name" : "l5",
					"strict" : false
				},
				{
					"name" : "l6",
					"strict" : false
				},
				{
					"name" : "l7",
					"strict" : false
				},
				{
					"name" : "l8",
					"strict" : false
				},
				{
					"name" : "l9",
					"strict" : false
				},
				{
					"name" : "l10",
					"strict" : false
				},
				{
					"name" : "l11",
					"strict" : false
				},
				{
					"name" : "l12",
					"strict" : false
				},
				{
					"name" : "o1",
					"strict" : false
				},
				{
					"name" : "k1",
					"strict" : false
				},
				{
					"name" : "k2",
					"strict" : false
				},
				{
					"name" : "k3",
					"strict" : false
				},
				{
					"name" : "k4",
					"strict" : false
				},
				{
					"name" : "k5",
					"strict" : false
				},
				{
					"name" : "k6",
					"strict" : false
				},
				{
					"name" : "k7",
					"strict" : false
				},
				{
					"name" : "k8",
					"strict" : false
				},
				{
					"name" : "k9",
					"strict" : false
				},
				{
					"name" : "k10",
					"strict" : false
				},
				{
					"name" : "k11",
					"strict" : false
				},
				{
					"name" : "k12",
					"strict" : false
				},
				{
					"name" : "clk",
					"strict" : false
				}
			]
		}
	]
}